file,category,file_type,expected_risk,planted_entities
support/support_ticket_address_0001.eml,support_ticket_address,eml,Medium,EMAIL_ADDRESS;IN_AADHAAR;IN_PHONE;PERSON
general/lunch_plan_0002.eml,lunch_plan,eml,Clean,
hr/offer_letter_0003.docx,offer_letter,docx,High,EMAIL_ADDRESS;IN_PHONE;PERSON;SALARY
support/support_ticket_kyc_0004.eml,support_ticket_kyc,eml,Medium,EMAIL_ADDRESS;IN_AADHAAR;IN_PAN;IN_PHONE;PERSON
hr/offer_letter_0005.docx,offer_letter,docx,High,EMAIL_ADDRESS;IN_PHONE;PERSON;SALARY
general/project_update_0006.eml,project_update,eml,Clean,
general/vendor_contact_0007.txt,vendor_contact,txt,Low,IN_PHONE;PERSON
general/contact_list_0008.csv,contact_list,csv,Medium,EMAIL_ADDRESS;IN_PHONE;PERSON
hr/payroll_spreadsheet_0009.xlsx,payroll_spreadsheet,xlsx,High,BANK_ACCOUNT;IN_AADHAAR;IN_IFSC;IN_PAN;IN_PHONE;PERSON;SALARY
general/meeting_notes_0010.docx,meeting_notes,docx,Clean,
hr/payroll_spreadsheet_0011.csv,payroll_spreadsheet,csv,High,BANK_ACCOUNT;IN_AADHAAR;IN_IFSC;IN_PAN;IN_PHONE;PERSON;SALARY
general/release_notes_0012.txt,release_notes,txt,Clean,
support/support_ticket_kyc_0013.txt,support_ticket_kyc,txt,Medium,EMAIL_ADDRESS;IN_AADHAAR;IN_PAN;IN_PHONE;PERSON
general/meeting_notes_0014.docx,meeting_notes,docx,Clean,
general/meeting_notes_0015.txt,meeting_notes,txt,Clean,
general/release_notes_0016.txt,release_notes,txt,Clean,
general/release_notes_0017.txt,release_notes,txt,Clean,
hr/offer_letter_0018.pdf,offer_letter,pdf,High,EMAIL_ADDRESS;IN_PHONE;PERSON;SALARY
support/callback_list_0019.txt,callback_list,txt,Medium,EMAIL_ADDRESS;IN_PHONE;PERSON
general/meeting_invite_0020.eml,meeting_invite,eml,Low,EMAIL_ADDRESS;PERSON
general/project_update_0021.eml,project_update,eml,Clean,
hr/hr_salary_slip_0022.docx,hr_salary_slip,docx,High,BANK_ACCOUNT;IN_IFSC;IN_PAN;PERSON;SALARY
general/meeting_notes_0023.docx,meeting_notes,docx,Clean,
general/project_update_0024.eml,project_update,eml,Clean,
hr/background_verification_0025.eml,background_verification,eml,Medium,IN_AADHAAR;IN_PAN;IN_PHONE;PERSON
hr/background_verification_0026.docx,background_verification,docx,Medium,IN_AADHAAR;IN_PAN;IN_PHONE;PERSON
general/project_update_0027.eml,project_update,eml,Clean,
general/meeting_notes_0028.txt,meeting_notes,txt,Clean,
support/support_ticket_kyc_0029.eml,support_ticket_kyc,eml,Medium,EMAIL_ADDRESS;IN_AADHAAR;IN_PAN;IN_PHONE;PERSON
hr/hr_salary_slip_0030.docx,hr_salary_slip,docx,High,BANK_ACCOUNT;IN_IFSC;IN_PAN;PERSON;SALARY
general/release_notes_0031.txt,release_notes,txt,Clean,
general/contact_list_0032.csv,contact_list,csv,Medium,EMAIL_ADDRESS;IN_PHONE;PERSON
general/vendor_contact_0033.txt,vendor_contact,txt,Low,IN_PHONE;PERSON
hr/offer_letter_0034.docx,offer_letter,docx,High,EMAIL_ADDRESS;IN_PHONE;PERSON;SALARY
general/lunch_plan_0035.eml,lunch_plan,eml,Clean,
general/meeting_invite_0036.txt,meeting_invite,txt,Low,EMAIL_ADDRESS;PERSON
general/project_update_0037.eml,project_update,eml,Clean,
support/support_ticket_address_0038.eml,support_ticket_address,eml,Medium,EMAIL_ADDRESS;IN_AADHAAR;IN_PHONE;PERSON
support/support_ticket_address_0039.txt,support_ticket_address,txt,Medium,EMAIL_ADDRESS;IN_AADHAAR;IN_PHONE;PERSON
hr/medical_leave_note_0040.txt,medical_leave_note,txt,High,HEALTH_INFO;PERSON
general/project_update_0041.eml,project_update,eml,Clean,
general/lunch_plan_0042.eml,lunch_plan,eml,Clean,
finance/sales_summary_0043.xlsx,sales_summary,xlsx,Clean,
support/customer_kyc_export_0044.xlsx,customer_kyc_export,xlsx,High,EMAIL_ADDRESS;IN_AADHAAR;IN_PAN;IN_PHONE;PERSON
hr/policy_document_0045.pdf,policy_document,pdf,Clean,
support/support_ticket_kyc_0046.txt,support_ticket_kyc,txt,Medium,EMAIL_ADDRESS;IN_AADHAAR;IN_PAN;IN_PHONE;PERSON
general/project_update_0047.pdf,project_update,pdf,Clean,
support/callback_list_0048.txt,callback_list,txt,Medium,EMAIL_ADDRESS;IN_PHONE;PERSON
general/meeting_notes_0049.txt,meeting_notes,txt,Clean,
finance/vendor_bank_details_0050.eml,vendor_bank_details,eml,High,BANK_ACCOUNT;IN_IFSC;IN_PAN;IN_PHONE;IN_UPI;PERSON
hr/hr_salary_slip_0051.docx,hr_salary_slip,docx,High,BANK_ACCOUNT;IN_IFSC;IN_PAN;PERSON;SALARY
hr/policy_document_0052.pdf,policy_document,pdf,Clean,
hr/payroll_spreadsheet_0053.csv,payroll_spreadsheet,csv,High,BANK_ACCOUNT;IN_AADHAAR;IN_IFSC;IN_PAN;IN_PHONE;PERSON;SALARY
general/lunch_plan_0054.eml,lunch_plan,eml,Clean,
support/support_ticket_address_0055.eml,support_ticket_address,eml,Medium,EMAIL_ADDRESS;IN_AADHAAR;IN_PHONE;PERSON
hr/background_verification_0056.txt,background_verification,txt,Medium,IN_AADHAAR;IN_PAN;IN_PHONE;PERSON
general/travel_booking_0057.eml,travel_booking,eml,Medium,EMAIL_ADDRESS;IN_PAN;IN_PHONE;PERSON
support/support_ticket_address_0058.eml,support_ticket_address,eml,Medium,EMAIL_ADDRESS;IN_AADHAAR;IN_PHONE;PERSON
general/release_notes_0059.txt,release_notes,txt,Clean,
general/vendor_contact_0060.txt,vendor_contact,txt,Low,IN_PHONE;PERSON
general/lunch_plan_0061.eml,lunch_plan,eml,Clean,
general/lunch_plan_0062.eml,lunch_plan,eml,Clean,
hr/medical_leave_note_0063.eml,medical_leave_note,eml,High,HEALTH_INFO;PERSON
general/project_update_0064.eml,project_update,eml,Clean,
general/meeting_notes_0065.docx,meeting_notes,docx,Clean,
general/meeting_notes_0066.txt,meeting_notes,txt,Clean,
general/lunch_plan_0067.eml,lunch_plan,eml,Clean,
hr/background_verification_0068.docx,background_verification,docx,Medium,IN_AADHAAR;IN_PAN;IN_PHONE;PERSON
support/card_dispute_ticket_0069.eml,card_dispute_ticket,eml,High,CREDIT_CARD;EMAIL_ADDRESS;IN_PHONE;PERSON
general/meeting_notes_0070.txt,meeting_notes,txt,Clean,
hr/medical_leave_note_0071.eml,medical_leave_note,eml,High,HEALTH_INFO;PERSON
hr/background_verification_0072.docx,background_verification,docx,Medium,IN_AADHAAR;IN_PAN;IN_PHONE;PERSON
finance/sales_summary_0073.csv,sales_summary,csv,Clean,
finance/sales_summary_0074.csv,sales_summary,csv,Clean,
general/meeting_notes_0075.docx,meeting_notes,docx,Clean,
hr/hr_salary_slip_0076.pdf,hr_salary_slip,pdf,High,BANK_ACCOUNT;IN_IFSC;IN_PAN;PERSON;SALARY
hr/background_verification_0077.docx,background_verification,docx,Medium,IN_AADHAAR;IN_PAN;IN_PHONE;PERSON
support/support_ticket_kyc_0078.txt,support_ticket_kyc,txt,Medium,EMAIL_ADDRESS;IN_AADHAAR;IN_PAN;IN_PHONE;PERSON
finance/sales_summary_0079.xlsx,sales_summary,xlsx,Clean,
support/callback_list_0080.txt,callback_list,txt,Medium,EMAIL_ADDRESS;IN_PHONE;PERSON
hr/policy_document_0081.docx,policy_document,docx,Clean,
general/travel_booking_0082.eml,travel_booking,eml,Medium,EMAIL_ADDRESS;IN_PAN;IN_PHONE;PERSON
support/callback_list_0083.txt,callback_list,txt,Medium,EMAIL_ADDRESS;IN_PHONE;PERSON
general/meeting_notes_0084.docx,meeting_notes,docx,Clean,
general/travel_booking_0085.eml,travel_booking,eml,Medium,EMAIL_ADDRESS;IN_PAN;IN_PHONE;PERSON
general/meeting_notes_0086.txt,meeting_notes,txt,Clean,
hr/offer_letter_0087.docx,offer_letter,docx,High,EMAIL_ADDRESS;IN_PHONE;PERSON;SALARY
general/release_notes_0088.txt,release_notes,txt,Clean,
general/release_notes_0089.txt,release_notes,txt,Clean,
support/card_dispute_ticket_0090.eml,card_dispute_ticket,eml,High,CREDIT_CARD;EMAIL_ADDRESS;IN_PHONE;PERSON
general/meeting_invite_0091.eml,meeting_invite,eml,Low,EMAIL_ADDRESS;PERSON
hr/policy_document_0092.docx,policy_document,docx,Clean,
general/meeting_notes_0093.txt,meeting_notes,txt,Clean,
support/support_ticket_kyc_0094.eml,support_ticket_kyc,eml,Medium,EMAIL_ADDRESS;IN_AADHAAR;IN_PAN;IN_PHONE;PERSON
hr/medical_leave_note_0095.txt,medical_leave_note,txt,High,HEALTH_INFO;PERSON
hr/background_verification_0096.txt,background_verification,txt,Medium,IN_AADHAAR;IN_PAN;IN_PHONE;PERSON
support/support_ticket_kyc_0097.eml,support_ticket_kyc,eml,Medium,EMAIL_ADDRESS;IN_AADHAAR;IN_PAN;IN_PHONE;PERSON
general/lunch_plan_0098.eml,lunch_plan,eml,Clean,
support/support_ticket_kyc_0099.eml,support_ticket_kyc,eml,Medium,EMAIL_ADDRESS;IN_AADHAAR;IN_PAN;IN_PHONE;PERSON
support/callback_list_0100.txt,callback_list,txt,Medium,EMAIL_ADDRESS;IN_PHONE;PERSON
support/support_ticket_kyc_0101.txt,support_ticket_kyc,txt,Medium,EMAIL_ADDRESS;IN_AADHAAR;IN_PAN;IN_PHONE;PERSON
general/meeting_notes_0102.txt,meeting_notes,txt,Clean,
general/meeting_notes_0103.txt,meeting_notes,txt,Clean,
general/it_ticket_0104.eml,it_ticket,eml,Low,IP_ADDRESS;PERSON
support/support_ticket_kyc_0105.eml,support_ticket_kyc,eml,Medium,EMAIL_ADDRESS;IN_AADHAAR;IN_PAN;IN_PHONE;PERSON
general/travel_booking_0106.eml,travel_booking,eml,Medium,EMAIL_ADDRESS;IN_PAN;IN_PHONE;PERSON
hr/offer_letter_0107.docx,offer_letter,docx,High,EMAIL_ADDRESS;IN_PHONE;PERSON;SALARY
hr/payroll_spreadsheet_0108.xlsx,payroll_spreadsheet,xlsx,High,BANK_ACCOUNT;IN_AADHAAR;IN_IFSC;IN_PAN;IN_PHONE;PERSON;SALARY
support/customer_kyc_export_0109.csv,customer_kyc_export,csv,High,EMAIL_ADDRESS;IN_AADHAAR;IN_PAN;IN_PHONE;PERSON
finance/vendor_bank_details_0110.eml,vendor_bank_details,eml,High,BANK_ACCOUNT;IN_IFSC;IN_PAN;IN_PHONE;IN_UPI;PERSON
support/support_ticket_kyc_0111.eml,support_ticket_kyc,eml,Medium,EMAIL_ADDRESS;IN_AADHAAR;IN_PAN;IN_PHONE;PERSON
general/contact_list_0112.csv,contact_list,csv,Medium,EMAIL_ADDRESS;IN_PHONE;PERSON
general/meeting_notes_0113.docx,meeting_notes,docx,Clean,
general/vendor_contact_0114.txt,vendor_contact,txt,Low,IN_PHONE;PERSON
general/travel_booking_0115.eml,travel_booking,eml,Medium,EMAIL_ADDRESS;IN_PAN;IN_PHONE;PERSON
general/release_notes_0116.txt,release_notes,txt,Clean,
general/it_ticket_0117.eml,it_ticket,eml,Low,IP_ADDRESS;PERSON
support/support_ticket_kyc_0118.txt,support_ticket_kyc,txt,Medium,EMAIL_ADDRESS;IN_AADHAAR;IN_PAN;IN_PHONE;PERSON
general/meeting_notes_0119.txt,meeting_notes,txt,Clean,
general/project_update_0120.pdf,project_update,pdf,Clean,
general/contact_list_0121.csv,contact_list,csv,Medium,EMAIL_ADDRESS;IN_PHONE;PERSON
hr/hr_salary_slip_0122.pdf,hr_salary_slip,pdf,High,BANK_ACCOUNT;IN_IFSC;IN_PAN;PERSON;SALARY
general/contact_list_0123.csv,contact_list,csv,Medium,EMAIL_ADDRESS;IN_PHONE;PERSON
support/customer_kyc_export_0124.xlsx,customer_kyc_export,xlsx,High,EMAIL_ADDRESS;IN_AADHAAR;IN_PAN;IN_PHONE;PERSON
general/release_notes_0125.txt,release_notes,txt,Clean,
hr/offer_letter_0126.docx,offer_letter,docx,High,EMAIL_ADDRESS;IN_PHONE;PERSON;SALARY
hr/hr_salary_slip_0127.docx,hr_salary_slip,docx,High,BANK_ACCOUNT;IN_IFSC;IN_PAN;PERSON;SALARY
finance/vendor_bank_details_0128.pdf,vendor_bank_details,pdf,High,BANK_ACCOUNT;IN_IFSC;IN_PAN;IN_PHONE;IN_UPI;PERSON
support/support_ticket_kyc_0129.eml,support_ticket_kyc,eml,Medium,EMAIL_ADDRESS;IN_AADHAAR;IN_PAN;IN_PHONE;PERSON
general/meeting_invite_0130.eml,meeting_invite,eml,Low,EMAIL_ADDRESS;PERSON
general/meeting_notes_0131.docx,meeting_notes,docx,Clean,
hr/hr_salary_slip_0132.docx,hr_salary_slip,docx,High,BANK_ACCOUNT;IN_IFSC;IN_PAN;PERSON;SALARY
general/release_notes_0133.txt,release_notes,txt,Clean,
support/support_ticket_kyc_0134.eml,support_ticket_kyc,eml,Medium,EMAIL_ADDRESS;IN_AADHAAR;IN_PAN;IN_PHONE;PERSON
general/project_update_0135.eml,project_update,eml,Clean,
general/project_update_0136.eml,project_update,eml,Clean,
general/lunch_plan_0137.eml,lunch_plan,eml,Clean,
support/support_ticket_kyc_0138.txt,support_ticket_kyc,txt,Medium,EMAIL_ADDRESS;IN_AADHAAR;IN_PAN;IN_PHONE;PERSON
general/meeting_invite_0139.eml,meeting_invite,eml,Low,EMAIL_ADDRESS;PERSON
hr/medical_leave_note_0140.txt,medical_leave_note,txt,High,HEALTH_INFO;PERSON
general/project_update_0141.eml,project_update,eml,Clean,
support/support_ticket_kyc_0142.eml,support_ticket_kyc,eml,Medium,EMAIL_ADDRESS;IN_AADHAAR;IN_PAN;IN_PHONE;PERSON
hr/payroll_spreadsheet_0143.csv,payroll_spreadsheet,csv,High,BANK_ACCOUNT;IN_AADHAAR;IN_IFSC;IN_PAN;IN_PHONE;PERSON;SALARY
general/contact_list_0144.xlsx,contact_list,xlsx,Medium,EMAIL_ADDRESS;IN_PHONE;PERSON
hr/medical_leave_note_0145.eml,medical_leave_note,eml,High,HEALTH_INFO;PERSON
general/contact_list_0146.xlsx,contact_list,xlsx,Medium,EMAIL_ADDRESS;IN_PHONE;PERSON
general/project_update_0147.eml,project_update,eml,Clean,
hr/hr_salary_slip_0148.docx,hr_salary_slip,docx,High,BANK_ACCOUNT;IN_IFSC;IN_PAN;PERSON;SALARY
general/lunch_plan_0149.eml,lunch_plan,eml,Clean,
general/meeting_invite_0150.eml,meeting_invite,eml,Low,EMAIL_ADDRESS;PERSON
general/release_notes_0151.txt,release_notes,txt,Clean,
support/support_ticket_kyc_0152.eml,support_ticket_kyc,eml,Medium,EMAIL_ADDRESS;IN_AADHAAR;IN_PAN;IN_PHONE;PERSON
general/lunch_plan_0153.eml,lunch_plan,eml,Clean,
support/support_ticket_kyc_0154.eml,support_ticket_kyc,eml,Medium,EMAIL_ADDRESS;IN_AADHAAR;IN_PAN;IN_PHONE;PERSON
general/it_ticket_0155.eml,it_ticket,eml,Low,IP_ADDRESS;PERSON
general/meeting_invite_0156.txt,meeting_invite,txt,Low,EMAIL_ADDRESS;PERSON
hr/payroll_spreadsheet_0157.csv,payroll_spreadsheet,csv,High,BANK_ACCOUNT;IN_AADHAAR;IN_IFSC;IN_PAN;IN_PHONE;PERSON;SALARY
hr/hr_salary_slip_0158.docx,hr_salary_slip,docx,High,BANK_ACCOUNT;IN_IFSC;IN_PAN;PERSON;SALARY
hr/background_verification_0159.eml,background_verification,eml,Medium,IN_AADHAAR;IN_PAN;IN_PHONE;PERSON
support/card_dispute_ticket_0160.eml,card_dispute_ticket,eml,High,CREDIT_CARD;EMAIL_ADDRESS;IN_PHONE;PERSON
general/project_update_0161.pdf,project_update,pdf,Clean,
general/release_notes_0162.txt,release_notes,txt,Clean,
general/meeting_invite_0163.eml,meeting_invite,eml,Low,EMAIL_ADDRESS;PERSON
finance/sales_summary_0164.csv,sales_summary,csv,Clean,
support/support_ticket_kyc_0165.txt,support_ticket_kyc,txt,Medium,EMAIL_ADDRESS;IN_AADHAAR;IN_PAN;IN_PHONE;PERSON
general/it_ticket_0166.eml,it_ticket,eml,Low,IP_ADDRESS;PERSON
general/travel_booking_0167.eml,travel_booking,eml,Medium,EMAIL_ADDRESS;IN_PAN;IN_PHONE;PERSON
support/support_ticket_address_0168.eml,support_ticket_address,eml,Medium,EMAIL_ADDRESS;IN_AADHAAR;IN_PHONE;PERSON
general/project_update_0169.eml,project_update,eml,Clean,
support/callback_list_0170.txt,callback_list,txt,Medium,EMAIL_ADDRESS;IN_PHONE;PERSON
hr/offer_letter_0171.pdf,offer_letter,pdf,High,EMAIL_ADDRESS;IN_PHONE;PERSON;SALARY
hr/payroll_spreadsheet_0172.csv,payroll_spreadsheet,csv,High,BANK_ACCOUNT;IN_AADHAAR;IN_IFSC;IN_PAN;IN_PHONE;PERSON;SALARY
general/release_notes_0173.txt,release_notes,txt,Clean,
hr/payroll_spreadsheet_0174.xlsx,payroll_spreadsheet,xlsx,High,BANK_ACCOUNT;IN_AADHAAR;IN_IFSC;IN_PAN;IN_PHONE;PERSON;SALARY
general/contact_list_0175.xlsx,contact_list,xlsx,Medium,EMAIL_ADDRESS;IN_PHONE;PERSON
hr/background_verification_0176.docx,background_verification,docx,Medium,IN_AADHAAR;IN_PAN;IN_PHONE;PERSON
general/vendor_contact_0177.txt,vendor_contact,txt,Low,IN_PHONE;PERSON
general/meeting_notes_0178.txt,meeting_notes,txt,Clean,
support/support_ticket_kyc_0179.eml,support_ticket_kyc,eml,Medium,EMAIL_ADDRESS;IN_AADHAAR;IN_PAN;IN_PHONE;PERSON
general/it_ticket_0180.eml,it_ticket,eml,Low,IP_ADDRESS;PERSON
general/meeting_invite_0181.txt,meeting_invite,txt,Low,EMAIL_ADDRESS;PERSON
support/support_ticket_address_0182.eml,support_ticket_address,eml,Medium,EMAIL_ADDRESS;IN_AADHAAR;IN_PHONE;PERSON
general/travel_booking_0183.eml,travel_booking,eml,Medium,EMAIL_ADDRESS;IN_PAN;IN_PHONE;PERSON
general/vendor_contact_0184.txt,vendor_contact,txt,Low,IN_PHONE;PERSON
hr/background_verification_0185.txt,background_verification,txt,Medium,IN_AADHAAR;IN_PAN;IN_PHONE;PERSON
hr/background_verification_0186.eml,background_verification,eml,Medium,IN_AADHAAR;IN_PAN;IN_PHONE;PERSON
general/project_update_0187.eml,project_update,eml,Clean,
hr/offer_letter_0188.docx,offer_letter,docx,High,EMAIL_ADDRESS;IN_PHONE;PERSON;SALARY
support/card_dispute_ticket_0189.eml,card_dispute_ticket,eml,High,CREDIT_CARD;EMAIL_ADDRESS;IN_PHONE;PERSON
hr/offer_letter_0190.docx,offer_letter,docx,High,EMAIL_ADDRESS;IN_PHONE;PERSON;SALARY
support/support_ticket_address_0191.txt,support_ticket_address,txt,Medium,EMAIL_ADDRESS;IN_AADHAAR;IN_PHONE;PERSON
support/callback_list_0192.txt,callback_list,txt,Medium,EMAIL_ADDRESS;IN_PHONE;PERSON
general/release_notes_0193.txt,release_notes,txt,Clean,
general/contact_list_0194.xlsx,contact_list,xlsx,Medium,EMAIL_ADDRESS;IN_PHONE;PERSON
general/meeting_invite_0195.eml,meeting_invite,eml,Low,EMAIL_ADDRESS;PERSON
general/it_ticket_0196.eml,it_ticket,eml,Low,IP_ADDRESS;PERSON
general/it_ticket_0197.eml,it_ticket,eml,Low,IP_ADDRESS;PERSON
hr/policy_document_0198.docx,policy_document,docx,Clean,
general/travel_booking_0199.eml,travel_booking,eml,Medium,EMAIL_ADDRESS;IN_PAN;IN_PHONE;PERSON
hr/medical_leave_note_0200.docx,medical_leave_note,docx,High,HEALTH_INFO;PERSON
general/release_notes_0201.txt,release_notes,txt,Clean,
finance/sales_summary_0202.xlsx,sales_summary,xlsx,Clean,
support/support_ticket_kyc_0203.txt,support_ticket_kyc,txt,Medium,EMAIL_ADDRESS;IN_AADHAAR;IN_PAN;IN_PHONE;PERSON
support/support_ticket_kyc_0204.eml,support_ticket_kyc,eml,Medium,EMAIL_ADDRESS;IN_AADHAAR;IN_PAN;IN_PHONE;PERSON
hr/hr_salary_slip_0205.docx,hr_salary_slip,docx,High,BANK_ACCOUNT;IN_IFSC;IN_PAN;PERSON;SALARY
general/project_update_0206.eml,project_update,eml,Clean,
hr/hr_salary_slip_0207.txt,hr_salary_slip,txt,High,BANK_ACCOUNT;IN_IFSC;IN_PAN;PERSON;SALARY
general/it_ticket_0208.eml,it_ticket,eml,Low,IP_ADDRESS;PERSON
general/it_ticket_0209.eml,it_ticket,eml,Low,IP_ADDRESS;PERSON
support/support_ticket_kyc_0210.eml,support_ticket_kyc,eml,Medium,EMAIL_ADDRESS;IN_AADHAAR;IN_PAN;IN_PHONE;PERSON
general/meeting_invite_0211.eml,meeting_invite,eml,Low,EMAIL_ADDRESS;PERSON
finance/vendor_bank_details_0212.eml,vendor_bank_details,eml,High,BANK_ACCOUNT;IN_IFSC;IN_PAN;IN_PHONE;IN_UPI;PERSON
finance/sales_summary_0213.csv,sales_summary,csv,Clean,
hr/policy_document_0214.docx,policy_document,docx,Clean,
support/callback_list_0215.txt,callback_list,txt,Medium,EMAIL_ADDRESS;IN_PHONE;PERSON
support/customer_kyc_export_0216.csv,customer_kyc_export,csv,High,EMAIL_ADDRESS;IN_AADHAAR;IN_PAN;IN_PHONE;PERSON
general/lunch_plan_0217.eml,lunch_plan,eml,Clean,
support/support_ticket_address_0218.txt,support_ticket_address,txt,Medium,EMAIL_ADDRESS;IN_AADHAAR;IN_PHONE;PERSON
general/lunch_plan_0219.eml,lunch_plan,eml,Clean,
finance/vendor_bank_details_0220.pdf,vendor_bank_details,pdf,High,BANK_ACCOUNT;IN_IFSC;IN_PAN;IN_PHONE;IN_UPI;PERSON
general/vendor_contact_0221.txt,vendor_contact,txt,Low,IN_PHONE;PERSON
hr/background_verification_0222.txt,background_verification,txt,Medium,IN_AADHAAR;IN_PAN;IN_PHONE;PERSON
hr/medical_leave_note_0223.eml,medical_leave_note,eml,High,HEALTH_INFO;PERSON
general/lunch_plan_0224.eml,lunch_plan,eml,Clean,
support/callback_list_0225.txt,callback_list,txt,Medium,EMAIL_ADDRESS;IN_PHONE;PERSON
hr/payroll_spreadsheet_0226.xlsx,payroll_spreadsheet,xlsx,High,BANK_ACCOUNT;IN_AADHAAR;IN_IFSC;IN_PAN;IN_PHONE;PERSON;SALARY
general/meeting_invite_0227.eml,meeting_invite,eml,Low,EMAIL_ADDRESS;PERSON
finance/sales_summary_0228.csv,sales_summary,csv,Clean,
general/meeting_invite_0229.eml,meeting_invite,eml,Low,EMAIL_ADDRESS;PERSON
support/customer_kyc_export_0230.csv,customer_kyc_export,csv,High,EMAIL_ADDRESS;IN_AADHAAR;IN_PAN;IN_PHONE;PERSON
general/meeting_invite_0231.eml,meeting_invite,eml,Low,EMAIL_ADDRESS;PERSON
hr/medical_leave_note_0232.docx,medical_leave_note,docx,High,HEALTH_INFO;PERSON
support/support_ticket_kyc_0233.eml,support_ticket_kyc,eml,Medium,EMAIL_ADDRESS;IN_AADHAAR;IN_PAN;IN_PHONE;PERSON
support/support_ticket_kyc_0234.txt,support_ticket_kyc,txt,Medium,EMAIL_ADDRESS;IN_AADHAAR;IN_PAN;IN_PHONE;PERSON
hr/medical_leave_note_0235.eml,medical_leave_note,eml,High,HEALTH_INFO;PERSON
support/support_ticket_kyc_0236.txt,support_ticket_kyc,txt,Medium,EMAIL_ADDRESS;IN_AADHAAR;IN_PAN;IN_PHONE;PERSON
general/meeting_notes_0237.txt,meeting_notes,txt,Clean,
support/callback_list_0238.txt,callback_list,txt,Medium,EMAIL_ADDRESS;IN_PHONE;PERSON
support/support_ticket_address_0239.txt,support_ticket_address,txt,Medium,EMAIL_ADDRESS;IN_AADHAAR;IN_PHONE;PERSON
general/release_notes_0240.txt,release_notes,txt,Clean,
support/support_ticket_kyc_0241.txt,support_ticket_kyc,txt,Medium,EMAIL_ADDRESS;IN_AADHAAR;IN_PAN;IN_PHONE;PERSON
hr/payroll_spreadsheet_0242.csv,payroll_spreadsheet,csv,High,BANK_ACCOUNT;IN_AADHAAR;IN_IFSC;IN_PAN;IN_PHONE;PERSON;SALARY
general/meeting_notes_0243.docx,meeting_notes,docx,Clean,
finance/vendor_bank_details_0244.eml,vendor_bank_details,eml,High,BANK_ACCOUNT;IN_IFSC;IN_PAN;IN_PHONE;IN_UPI;PERSON
general/meeting_notes_0245.txt,meeting_notes,txt,Clean,
hr/payroll_spreadsheet_0246.xlsx,payroll_spreadsheet,xlsx,High,BANK_ACCOUNT;IN_AADHAAR;IN_IFSC;IN_PAN;IN_PHONE;PERSON;SALARY
support/customer_kyc_export_0247.xlsx,customer_kyc_export,xlsx,High,EMAIL_ADDRESS;IN_AADHAAR;IN_PAN;IN_PHONE;PERSON
general/it_ticket_0248.eml,it_ticket,eml,Low,IP_ADDRESS;PERSON
finance/vendor_bank_details_0249.eml,vendor_bank_details,eml,High,BANK_ACCOUNT;IN_IFSC;IN_PAN;IN_PHONE;IN_UPI;PERSON
general/meeting_invite_0250.eml,meeting_invite,eml,Low,EMAIL_ADDRESS;PERSON
hr/hr_salary_slip_0251.pdf,hr_salary_slip,pdf,High,BANK_ACCOUNT;IN_IFSC;IN_PAN;PERSON;SALARY
hr/hr_salary_slip_0252.txt,hr_salary_slip,txt,High,BANK_ACCOUNT;IN_IFSC;IN_PAN;PERSON;SALARY
general/meeting_invite_0253.txt,meeting_invite,txt,Low,EMAIL_ADDRESS;PERSON
hr/policy_document_0254.docx,policy_document,docx,Clean,
general/travel_booking_0255.eml,travel_booking,eml,Medium,EMAIL_ADDRESS;IN_PAN;IN_PHONE;PERSON
general/vendor_contact_0256.txt,vendor_contact,txt,Low,IN_PHONE;PERSON
general/travel_booking_0257.eml,travel_booking,eml,Medium,EMAIL_ADDRESS;IN_PAN;IN_PHONE;PERSON
hr/medical_leave_note_0258.eml,medical_leave_note,eml,High,HEALTH_INFO;PERSON
general/vendor_contact_0259.txt,vendor_contact,txt,Low,IN_PHONE;PERSON
support/card_dispute_ticket_0260.eml,card_dispute_ticket,eml,High,CREDIT_CARD;EMAIL_ADDRESS;IN_PHONE;PERSON
general/lunch_plan_0261.eml,lunch_plan,eml,Clean,
hr/payroll_spreadsheet_0262.xlsx,payroll_spreadsheet,xlsx,High,BANK_ACCOUNT;IN_AADHAAR;IN_IFSC;IN_PAN;IN_PHONE;PERSON;SALARY
hr/background_verification_0263.txt,background_verification,txt,Medium,IN_AADHAAR;IN_PAN;IN_PHONE;PERSON
general/meeting_invite_0264.eml,meeting_invite,eml,Low,EMAIL_ADDRESS;PERSON
general/meeting_invite_0265.txt,meeting_invite,txt,Low,EMAIL_ADDRESS;PERSON
hr/medical_leave_note_0266.txt,medical_leave_note,txt,High,HEALTH_INFO;PERSON
general/vendor_contact_0267.txt,vendor_contact,txt,Low,IN_PHONE;PERSON
general/release_notes_0268.txt,release_notes,txt,Clean,
general/release_notes_0269.txt,release_notes,txt,Clean,
general/meeting_invite_0270.eml,meeting_invite,eml,Low,EMAIL_ADDRESS;PERSON
support/support_ticket_address_0271.eml,support_ticket_address,eml,Medium,EMAIL_ADDRESS;IN_AADHAAR;IN_PHONE;PERSON
support/support_ticket_kyc_0272.eml,support_ticket_kyc,eml,Medium,EMAIL_ADDRESS;IN_AADHAAR;IN_PAN;IN_PHONE;PERSON
finance/sales_summary_0273.xlsx,sales_summary,xlsx,Clean,
general/meeting_invite_0274.eml,meeting_invite,eml,Low,EMAIL_ADDRESS;PERSON
general/release_notes_0275.txt,release_notes,txt,Clean,
support/support_ticket_kyc_0276.eml,support_ticket_kyc,eml,Medium,EMAIL_ADDRESS;IN_AADHAAR;IN_PAN;IN_PHONE;PERSON
hr/hr_salary_slip_0277.docx,hr_salary_slip,docx,High,BANK_ACCOUNT;IN_IFSC;IN_PAN;PERSON;SALARY
hr/background_verification_0278.eml,background_verification,eml,Medium,IN_AADHAAR;IN_PAN;IN_PHONE;PERSON
general/meeting_notes_0279.docx,meeting_notes,docx,Clean,
support/support_ticket_address_0280.eml,support_ticket_address,eml,Medium,EMAIL_ADDRESS;IN_AADHAAR;IN_PHONE;PERSON
general/meeting_notes_0281.txt,meeting_notes,txt,Clean,
general/release_notes_0282.txt,release_notes,txt,Clean,
support/support_ticket_kyc_0283.txt,support_ticket_kyc,txt,Medium,EMAIL_ADDRESS;IN_AADHAAR;IN_PAN;IN_PHONE;PERSON
hr/hr_salary_slip_0284.pdf,hr_salary_slip,pdf,High,BANK_ACCOUNT;IN_IFSC;IN_PAN;PERSON;SALARY
general/project_update_0285.eml,project_update,eml,Clean,
support/support_ticket_address_0286.txt,support_ticket_address,txt,Medium,EMAIL_ADDRESS;IN_AADHAAR;IN_PHONE;PERSON
support/support_ticket_address_0287.eml,support_ticket_address,eml,Medium,EMAIL_ADDRESS;IN_AADHAAR;IN_PHONE;PERSON
hr/medical_leave_note_0288.eml,medical_leave_note,eml,High,HEALTH_INFO;PERSON
hr/hr_salary_slip_0289.txt,hr_salary_slip,txt,High,BANK_ACCOUNT;IN_IFSC;IN_PAN;PERSON;SALARY
hr/hr_salary_slip_0290.txt,hr_salary_slip,txt,High,BANK_ACCOUNT;IN_IFSC;IN_PAN;PERSON;SALARY
general/meeting_notes_0291.txt,meeting_notes,txt,Clean,
hr/medical_leave_note_0292.eml,medical_leave_note,eml,High,HEALTH_INFO;PERSON
finance/sales_summary_0293.xlsx,sales_summary,xlsx,Clean,
hr/medical_leave_note_0294.docx,medical_leave_note,docx,High,HEALTH_INFO;PERSON
support/customer_kyc_export_0295.csv,customer_kyc_export,csv,High,EMAIL_ADDRESS;IN_AADHAAR;IN_PAN;IN_PHONE;PERSON
support/support_ticket_address_0296.eml,support_ticket_address,eml,Medium,EMAIL_ADDRESS;IN_AADHAAR;IN_PHONE;PERSON
general/contact_list_0297.csv,contact_list,csv,Medium,EMAIL_ADDRESS;IN_PHONE;PERSON
hr/background_verification_0298.eml,background_verification,eml,Medium,IN_AADHAAR;IN_PAN;IN_PHONE;PERSON
hr/hr_salary_slip_0299.pdf,hr_salary_slip,pdf,High,BANK_ACCOUNT;IN_IFSC;IN_PAN;PERSON;SALARY
finance/vendor_bank_details_0300.eml,vendor_bank_details,eml,High,BANK_ACCOUNT;IN_IFSC;IN_PAN;IN_PHONE;IN_UPI;PERSON
