Customer Name,Aadhaar,PAN,Mobile,Email,City
Jeet Dugar,455568084697,ADKPD9209D,+91 73624 24947,jeet.dugar45@gmail.com,Mumbai
Ridhi Shan,872446095779,JRPPS7936J,+91 96308 35728,ridhi.shan@gmail.com,Mumbai
Aadi Sangha,2634 7418 0429,EFGPS0252K,09573368287,aadi.sangha58@rediffmail.com,Gurugram
Samaksh Deo,725868568500,NYMPD4380Q,+91 98264 87130,samaksh.deo44@rediffmail.com,Chennai
Chasmum Dutt,8453 3479 8526,UUQPD4688J,+91-9041450563,chasmum.dutt55@hotmail.com,Gurugram
Anusha Chander,3181 9613 8751,LKSPC4577F,07981332419,anusha.chander@outlook.com,Bengaluru
Jalsa Krishna,380167743603,RTAPK9717Q,08927143694,jalsa.krishna78@yahoo.co.in,Chennai
Fitan Prabhu,968893861615,QVPPP7526M,8580843196,fitan.prabhu9@outlook.com,Mumbai
Noah Ben,2531 2605 5746,UZRPB4947K,08876955912,noah.ben@yahoo.co.in,Mumbai
Meghana Mody,9837 3183 5949,XHYPM4287K,07325802455,meghana.mody14@outlook.com,Pune
Vivaan Sanghvi,9435 1492 8633,WBEPS3367D,09402810607,vivaan.sanghvi38@rediffmail.com,Hyderabad
Gavin Chandran,5460 2633 5644,MUFPC9706Z,9025215143,gavin.chandran@gmail.com,Kolkata
Aarav Kala,4368 5044 8524,UYEPK4027K,08722405530,aarav.kala@gmail.com,Hyderabad
Vansha Brahmbhatt,2045 8927 5238,QPBPB6128N,+91 73555 63859,vansha.brahmbhatt@yahoo.co.in,Ahmedabad
Kevin Kara,6399 7486 9802,LWLPK8000W,7380792660,kevin.kara33@outlook.com,Gurugram
Zilmil Saxena,2175 0566 5582,TUXPS0637U,9586972232,zilmil.saxena33@yahoo.co.in,Mumbai
Aditya Anand,263191069718,HMYPA3967K,+91-6142028612,aditya.anand71@outlook.com,Bengaluru
Hemal Dara,6024 5422 4920,HAEPD3791W,+91-7000132789,hemal.dara@yahoo.co.in,Chennai
Pahal Deo,5509 7913 5320,MDUPD7941N,07948467640,pahal.deo47@yahoo.co.in,Noida
Vanya Bobal,3408 3070 9062,HMBPB2111P,07156726173,vanya.bobal19@rediffmail.com,Gurugram
Veer Rajagopal,9773 8243 8215,FTFPR2715F,+91-7833813852,veer.rajagopal77@gmail.com,Noida
Gaurav Chaudry,4709 4014 4124,FFSPC2536I,+91 86708 93935,gaurav.chaudry21@hotmail.com,Hyderabad
Harshil Munshi,5741 5358 3383,USLPM1305X,6530945875,harshil.munshi90@yahoo.co.in,Gurugram
Jhalak Mistry,923230070868,CRNPM9879J,+91-8674752914,jhalak.mistry@outlook.com,Gurugram
Laksh Raja,2869 2270 2522,LZZPR4328U,06105562412,laksh.raja@outlook.com,Noida
Kiaan Dhar,2940 5964 7032,IFJPD5323Y,7206543261,kiaan.dhar@rediffmail.com,Mumbai
Ekapad Wali,5715 2431 0914,NRHPW0494T,08312252649,ekapad.wali71@outlook.com,Mumbai
Abhiram Gala,876442863075,XAOPG8588C,06101244805,abhiram.gala@rediffmail.com,Pune
Ria Panchal,3187 4900 4493,BVYPP1011O,+91-7314920499,ria.panchal54@rediffmail.com,Mumbai
Tanay Doshi,612107043106,LZAPD3555C,08887850660,tanay.doshi46@gmail.com,Chennai
Nisha Savant,3483 5156 0953,XEOPS7768B,+91 71538 61151,nisha.savant91@outlook.com,Pune
Teerth Chadha,9143 5934 1062,NKAPC4173W,+91 92553 10737,teerth.chadha1@outlook.com,Pune
Harish Dey,708452408862,BXTPD7020V,+91-7533601099,harish.dey@hotmail.com,Bengaluru
Jatin Rajagopalan,600998129713,SEVPR3026Q,+91-9415949254,jatin.rajagopalan43@gmail.com,Pune
Indali Sanghvi,864273869660,RCCPS0614K,06292724306,indali.sanghvi80@hotmail.com,Hyderabad
Divya Dey,877810708246,QTZPD3655U,+91-8133157920,divya.dey@outlook.com,Noida
Yug Malhotra,3620 1729 5120,MBVPM9211N,+91-9110840390,yug.malhotra@outlook.com,Noida
Frado Kothari,9360 8633 3997,LBMPK6406W,9760550800,frado.kothari@gmail.com,Mumbai
Bhavani Bala,506925098052,LNJPB5105Z,06994124361,bhavani.bala2@yahoo.co.in,Mumbai
Charvi Jha,9619 1814 9833,QITPJ0235H,07177491176,charvi.jha3@gmail.com,Chennai
Zarna Upadhyay,5753 1575 2290,WRHPU9157M,06390367486,zarna.upadhyay@outlook.com,Kolkata
Ranbir Ramanathan,735153474390,PAQPR1714F,+91 67800 37810,ranbir.ramanathan82@yahoo.co.in,Mumbai
Chakrika Bhagat,4341 6099 0978,WQRPB5792D,+91 96190 76444,chakrika.bhagat76@rediffmail.com,Noida
Wriddhish Talwar,3622 2772 6102,YUZPT0616F,+91 90284 65592,wriddhish.talwar@hotmail.com,Gurugram
Libni Chowdhury,888649933975,LGTPC1038R,6238487614,libni.chowdhury94@yahoo.co.in,Kolkata
Wridesh Tata,5609 0857 5375,OMYPT3540D,07429002492,wridesh.tata@rediffmail.com,Pune
Ekavir Wable,546151216765,QTNPW0724C,+91-6665897824,ekavir.wable@outlook.com,Gurugram
Advik Patel,4938 5404 4503,SRMPP3172Q,07466908144,advik.patel@yahoo.co.in,Noida
