Employee Name,Emp ID,Aadhaar,PAN,Account No,IFSC,Net Salary (INR),Mobile
Krish Mital,ABP92775,7309 2222 1287,MTAPM3355Z,9322327234424,PUNB0074872,258000,9083881489
Saanvi Nagi,ABP97735,4233 2284 6611,SOCPN0743Q,2863213375214554,YESB0269856,142000,7270048997
Amruta Saha,ABP31666,4597 3037 4852,QGZPS7175I,300608307736,KKBK0782935,198000,9758598771
Gaurav Guha,ABP40719,5353 8379 0238,XSJPG0917K,57619278120796,CNRB0162261,99500,06995224275
Riya Kakar,ABP68965,5720 1701 1757,KWMPK7449O,8351067444998,ICIC0591034,38500,+91-9167788030
Niharika Sundaram,ABP85445,430083341875,DYKPS5127Z,1393038035431373,KKBK0114643,66500,8048881987
Zaitra Prakash,ABP84198,9322 9278 0996,QHZPP9421R,49106204678630,IDIB0805704,84500,06691948670
Daksh Varma,ABP90258,8444 9118 5105,IVFPV7214Y,657301808725,BARB0527602,105000,+91 73022 72752
Nathan Bhatti,ABP32024,923114341661,HRFPB6847O,69727771984605,PUNB0197857,207500,8657409683
Deepa Toor,ABP67232,9164 6292 9173,GMYPT0318K,181100077831,YESB0876928,160500,+91-7637419870
Netra Deshmukh,ABP34375,708193392276,IUJPD6048I,6447278792447717,SBIN0326957,34000,09686799420
Ayush Ghose,ABP38665,9698 2376 1828,XTGPG0486R,97909128121263,ICIC0331421,232000,6567102622
Reyansh Iyer,ABP89670,535628443726,FQIPI0459X,35200432091,ICIC0567126,68000,+91-6247966678
Dalbir Krish,ABP35263,3729 4099 3751,PNVPK8766Z,9141967991845,HDFC0071601,187500,+91 70849 65385
Bachittar Shan,ABP44389,2568 4593 4016,OLFPS8991O,8225750225931227,IDIB0176938,123000,8495503079
Chandresh Patel,ABP27368,7467 7239 6775,SAOPP5232C,48066267940990,YESB0481281,81000,+91-9229176480
Rushil Mahal,ABP19033,6544 0291 9569,VKXPM8562I,514922835602293,BARB0373828,259000,+91 61748 63693
Jyoti Shetty,ABP80632,6607 0435 1757,COFPS6915C,94563147961,PUNB0803683,73500,9508899755
Yashasvi Ranganathan,ABP71963,9881 6680 9659,SRYPR8312R,54732177854574,UTIB0938872,150000,9060855883
Jatin Balasubramanian,ABP58922,8432 7541 1567,POBPB1383U,7266998180527,YESB0847008,178000,7008546316
Wyatt Pradhan,ABP15121,8649 3237 5583,QGXPP3684H,2493254859282066,BARB0455891,110000,+91-7479710900
Vrinda Sehgal,ABP20803,2003 2666 1788,WQMPS4207J,2627765029425012,YESB0139577,236000,+91 65353 75927
Peter Som,ABP70817,8616 2429 3389,VBYPS7772V,27744608348,IDIB0954382,124000,+91-8917507831
Inaya Padmanabhan,ABP39180,3534 9762 1740,AYUPP3625O,2416486689823,UTIB0639150,211500,09327860284
Nihal Kuruvilla,ABP57165,750121991495,LEKPK3134K,630196549705944,UTIB0378355,201500,06452102038
Gautam Mane,ABP92782,9136 0421 2102,NRPPM9973P,3100848654255,HDFC0741981,138500,09222905441
Ayaan Raju,ABP12318,7673 9293 6900,AMIPR8459U,33583895175204,ICIC0487215,151500,+91-6048307627
Chandran Gaba,ABP57440,738274383260,FEKPG0956N,583732301464,SBIN0444636,151500,8038095418
Tanish Kant,ABP18086,5971 0104 4336,YBSPK8837B,440960087684865,SBIN0343257,161000,08225277685
Umang Jhaveri,ABP58000,8442 9277 5018,EZLPJ2137W,84942221660952,PUNB0200171,158000,6498714203
Amruta Rout,ABP75370,9931 2404 9385,GMEPR3752C,65337347763065,CNRB0562362,119000,07765469915
Yochana Bahri,ABP93278,2378 5814 4298,WGNPB8718O,29075056115551,UTIB0045474,154000,+91 89818 86961
Aditya Som,ABP82719,217187297012,NQGPS1914L,34206051169769,PUNB0011014,115500,08352682194
Kevin Ghose,ABP86280,223271073258,LTEPG1973F,134899056431,ICIC0464370,63000,+91 60463 11867
Abhiram Kapur,ABP84233,9835 0544 5934,DHDPK2435L,8099734135054,ICIC0726121,29500,+91-9647186294
Zayyan Mody,ABP81870,331453948077,YAOPM8715I,6845840222776021,BARB0580918,41500,9672527934
Anvi Sampath,ABP55990,3906 7742 1085,NGXPS4533J,810842575423,KKBK0482552,89000,+91-8349724868
Krisha Palla,ABP31143,7350 2277 4694,HQIPP8063D,805877522212,SBIN0758781,39500,06402342033
Tripti Krishnan,ABP82485,6535 0021 5637,MMNPK9270I,4658694919978513,UTIB0744216,192500,+91-8455329677
Tejas Shukla,ABP51320,628318886166,MHHPS4905F,191154168249770,CNRB0792906,119000,08911406547
Chasmum Verma,ABP22535,4674 9075 3514,HILPV6770F,434956515822309,PUNB0862396,104500,+91 96059 67656
Mekhala Chaudry,ABP45803,534414679692,YGQPC9618E,3914937352908,SBIN0979765,85500,06168674478
Abhimanyu Vaidya,ABP69034,5207 1811 6946,DVRPV2344M,818701539874054,YESB0080997,175500,06999498511
Kavya Mandal,ABP32108,814227404518,FQVPM5391Z,470810357431891,KKBK0038835,35500,8924601285
Chanchal Chokshi,ABP85356,9263 1508 1088,OBIPC2118X,679035406428235,IDIB0596104,245000,8887691864
Vasatika Bhatt,ABP33032,3234 9605 9377,MEOPB2346H,3643611388705,ICIC0492087,54000,+91 92984 75487
Gayathri Malhotra,ABP84542,846146994830,ZQUPM5774M,1166858677895324,HDFC0648133,143000,+91-8393036199
Ekta Malhotra,ABP59554,2386 1574 2366,OXQPM0140V,817186588074,SBIN0422837,228000,06204654565
Advika Misra,ABP38977,8363 8139 2222,BJYPM2999D,47998204879,BARB0983714,211000,+91-7701233579
Raghav Doctor,ABP92549,9590 1292 9921,ACHPD3426O,55740850749,CNRB0669527,48000,6392823696
Zansi Khosla,ABP41397,4683 1380 0335,HNXPK7470X,714047619456,IDIB0091469,259500,8818110699
Dakshesh Raval,ABP85825,4231 9789 5893,UEBPR1052Z,99810723227,SBIN0314571,217500,+91-9830194410
Ekaja Dey,ABP45313,625374249411,QKRPD4307P,8023928310915719,KKBK0908181,51500,+91 64397 92341
Atharv Tank,ABP49428,4505 9631 0623,RJJPT1085R,86896176872962,SBIN0759041,250000,6429758101
Chakrika Lad,ABP16156,2825 9230 6514,NRFPL5324D,3880049605469,ICIC0025227,123500,+91 68495 17042
Omya Ravel,ABP72831,5087 8875 2635,XQIPR4842D,435802103770,KKBK0029460,64000,07358235062
Lipika Banik,ABP97717,3570 8832 8602,MDJPB3682K,4491892455746,KKBK0656614,103500,+91 73304 03058
Ranveer Oza,ABP25504,785350629258,RVBPO9773Z,591943733312938,YESB0399536,217500,+91 85685 02208
Tristan Warrior,ABP34902,6792 7951 3245,CRGPW6057T,56120140798,PUNB0974144,85500,+91-8007716010
Vamakshi Parmer,ABP67840,5499 6321 5535,HTZPP7605K,275286122400,ICIC0034504,62000,+91 89375 81835
Yashica Mital,ABP34253,487408975787,EHLPM1328U,126421492884163,HDFC0985693,256000,+91-8477927969
Onkar Golla,ABP98045,405515704539,HAJPG3590I,581598826874433,IDIB0705723,154000,+91 71402 90300
Chaaya Chatterjee,ABP39108,311407559786,FCNPC3521I,543053447550823,HDFC0581544,65000,+91 66137 19588
Urishilla Dave,ABP39587,4714 6355 4289,QNGPD8896O,132383227049,CNRB0274292,89000,+91-7740265585
Aarna Goswami,ABP58064,223310818540,XAKPG1522I,982737490994,KKBK0688579,99500,+91 91813 24062
Gautami Chakraborty,ABP63622,333547337022,KKLPC6401G,9141577180749,KKBK0141574,64500,+91 79665 28514
Tristan Pant,ABP10013,4745 7456 5992,LAPPP7035G,836435371214,IDIB0413284,90000,+91-6700958304
Udant Mohanty,ABP61451,5231 0265 5747,VJTPM3278M,83521608340289,YESB0478249,234000,08093934964
Osha Narula,ABP35739,7395 6215 4265,NOCPN8611R,367013619166732,IDIB0830470,64000,06775941447
Kamya Lad,ABP13161,6533 7697 9160,MEZPL4476H,706300798233891,SBIN0496908,156000,09356392118
Chaitaly Sheth,ABP23565,8269 8773 5102,VZZPS7573G,5685009479479,YESB0171645,177500,+91-7616629087
Jacob Singhal,ABP61600,836776396639,EPHPS6603A,85504084138,IDIB0242677,227500,+91 61175 28207
Chatresh Bobal,ABP73355,818256166406,RUAPB2148R,32244661651,CNRB0495948,206500,8866626570
Urmi Hayer,ABP81367,5392 3840 9919,MTCPH7457M,9577427359840,UTIB0712074,202500,9054720926
Xiti Dar,ABP52910,496794718915,NRBPD8030H,2001797766002200,BARB0679846,91500,+91-9423822355
Lakshmi Wagle,ABP13880,6124 5621 2024,UASPW4138D,49654525517,SBIN0814116,127500,+91-8698364950
Chanchal Sachdev,ABP29335,9572 0314 3066,HZFPS8359Q,9994709906998,BARB0119178,169000,+91 73710 44907
Chatura Dora,ABP39303,8468 9068 8787,AGTPD1646E,8790538751895342,ICIC0877709,175500,+91 90397 73380
Laksh Iyer,ABP21848,632694410421,EABPI9037M,9623348781934,KKBK0900635,70500,+91-6147467573
Hema Rout,ABP21087,6156 1731 2432,XSOPR9378E,8617403530056,PUNB0546006,97000,6727340697
Tanvi Dhar,ABP25326,5263 0150 8926,QGBPD9674E,233704503860,KKBK0520338,70000,+91 83062 87345
Diya Gole,ABP85167,7197 2855 8675,HDMPG0648U,886348765612,SBIN0555639,243000,6695521109
Faris Sura,ABP20365,8156 6785 9715,CDEPS9954E,9810423852479655,UTIB0304094,118500,+91 68554 88598
Gaurangi Goel,ABP85200,2439 8788 8995,TURPG4989Y,1602690959405,BARB0712577,192500,07198990207
Dhriti Bhardwaj,ABP35427,2881 5302 9332,MZOPB7353B,3979253841279,CNRB0662801,54500,7253325888
Aayush Seth,ABP49823,362742212115,YKJPS4449J,9502461016810713,HDFC0933257,151000,+91 99730 95146
Anusha Kadakia,ABP34942,920403240447,DFCPK7290R,7343614550129,CNRB0016607,92000,7128686677
Om Dutt,ABP48464,8983 6332 0941,DNQPD5810G,18701461870,BARB0822106,188500,+91 77392 46783
Vrishti Chakrabarti,ABP60871,6250 8823 2435,SNUPC4999W,8732372492921332,KKBK0320628,29000,+91-9186946056
Kai Saraf,ABP43068,705695826168,DGIPS3644U,225802562197476,CNRB0049834,104500,08042414265
Pushti Raval,ABP65365,3604 6430 0726,MMWPR0167L,4139783747669377,SBIN0763202,151000,07424278412
Pushti Sood,ABP23891,4826 1249 9877,STJPS8274C,506812756104086,BARB0495139,241000,07258684810
Leela Agrawal,ABP46163,916569386514,AKIPA1816L,907864770169,SBIN0393559,63000,+91-6233627065
Baljiwan Walla,ABP19457,5789 5623 5431,CFSPW0313J,9963859524050,YESB0059949,99000,+91 81066 60588
Ryan Prakash,ABP51381,4439 8158 8320,LPBPP2761D,78660289281,IDIB0269807,185000,+91-9569178154
Akshay Nagy,ABP21366,3538 3366 4497,OWJPN3747B,526784566115,BARB0978809,117500,09816096405
Rayaan Badami,ABP74669,860178296148,PHAPB7413J,127972730199699,YESB0319586,129000,8217456589
Aayush Kothari,ABP82480,884438068413,LOSPK5794L,8381567997281561,UTIB0197246,194000,6232763916
Upkaar Padmanabhan,ABP75451,597687659640,PDRPP1313V,63409619975117,IDIB0331419,135000,+91 74406 02109
Devika Dayal,ABP33933,8969 6727 8333,ZFMPD3407P,296824369812,BARB0930691,39500,6678972671
Harshil Rajagopal,ABP86660,3470 1298 3947,JCZPR6256I,17150066528530,BARB0033090,94500,+91-8578685922
Yahvi Mohan,ABP16848,2659 7741 4423,CQVPM0041G,3068721704668,SBIN0495560,192000,06817962116
Oliver Bhattacharyya,ABP29246,5046 5836 5990,XXVPB1573N,7581366222086102,ICIC0105355,88500,+91-6509639947
Chakradev Misra,ABP79424,3460 8247 4079,JGJPM5106J,85666196213,KKBK0178516,88000,+91-7950197610
Bina Shah,ABP23415,8580 8726 7052,XDTPS3676Q,409045816729193,SBIN0010287,97000,+91-7018590527
Zinal Viswanathan,ABP20250,9656 7224 1281,KXAPV4069Q,2019599222492,ICIC0724122,252000,+91-8440661592
Geetika Saraf,ABP16904,964861838256,KWSPS1946J,311724560518,SBIN0183375,42000,+91-6861780871
Krish Oommen,ABP39354,6732 4205 7034,SYLPO9510F,8072792904699,PUNB0564207,221500,+91 61721 37026
Vrishti Parmer,ABP74115,367270224106,NFDPP0271R,183209143193,BARB0561946,234500,+91 81531 18923
Raghav Gala,ABP40305,3397 2988 7281,OCGPG0669J,487680900779,CNRB0447639,100000,+91-7770978525
Netra Bahl,ABP90967,3385 4131 7444,UKZPB1989Z,644233440258855,IDIB0958797,44000,06889217108
Vedant Kapur,ABP80179,731599646086,VEKPK4110P,85388176835324,KKBK0494480,162000,06101621989
Karan Kakar,ABP47350,8931 6815 1645,WTAPK8085B,5451964923066190,KKBK0120165,150500,+91-8842524671
Anthony Thaman,ABP60164,6739 0875 3586,RGFPT4476G,6133316954323,HDFC0192306,98500,+91-9935516978
Omkaar Dasgupta,ABP72071,9204 3971 8886,EODPD6159X,756455392840347,CNRB0453606,181000,9454406689
Jeevika Barad,ABP54573,5283 6930 8011,VRPPB2864D,4983020056572386,SBIN0699424,59500,9018619136
Keya Kumer,ABP64146,7805 1840 4774,BHZPK1981Q,597416322855633,HDFC0442897,132000,+91 62352 17921
Chanakya Bava,ABP32848,3305 1027 1905,UQCPB4345O,7056233094797688,YESB0353108,213500,8346458295
Hritik Bahri,ABP36975,9333 0030 4714,MZEPB3859J,3530128194001129,BARB0360664,62000,6781874146
Chanakya D’Alia,ABP64736,5707 0437 3755,HLHPD5262L,5622284766009749,BARB0001524,175000,+91 62619 35815
Omaja Sawhney,ABP22658,7940 0489 6561,IMSPS6044I,5956977556123400,KKBK0085880,221000,08229040150
Lajita Dasgupta,ABP31626,6201 2172 2091,IFFPD0400Q,519857787341,BARB0701948,211000,+91-7723073571
Zayyan Som,ABP19003,9749 7895 3529,KHZPS5216K,6154143604387243,BARB0002388,166000,8860641442
Michael Jha,ABP84419,893375790156,AQRPJ0016N,684545052965,HDFC0250538,151500,+91-6476809856
Aditya Mitra,ABP17104,7183 4402 7556,PVBPM2039I,603369368340,PUNB0162103,252000,06104549804
Osha Chaudhuri,ABP61723,7349 3096 6631,DNMPC0882L,6773904554362331,HDFC0629715,188000,07121081103
Zinal Madan,ABP35056,207789819688,OAWPM6820M,98433165098338,CNRB0069234,197500,7724901405
Laksh Sahota,ABP88109,546989847380,HSKPS3517P,680153584962,UTIB0907364,32500,06323020192
